iteration,day,volume_m3,mass_kg,conserved_scalar_integral,conserved_scalar_rel_change,kinetic_energy_j,potential_energy_j,mechanical_energy_j,ke_area_mean_j_m-2,zeta_mean_s-1,zeta_rms_s-1,zeta_min_s-1,zeta_max_s-1,pv_mean_s-1_m-1,pv_rms_s-1_m-1,pv_min_s-1_m-1,pv_max_s-1_m-1
0,0.0,1.52863325111142e+18,1.52863325111142e+18,nan,nan,4.6879022296863683e+20,9.351244302370294e+20,1.4039146532056662e+21,919080.3296167407,-2.9389487799423863e-22,7.812311886560634e-06,-1.3465559416603013e-05,1.9855224625948374e-05,8.053750403726303e-09,4.322443384445276e-08,-4.400066358234913e-08,1.515131349948575e-07
1440,1.0,1.52863325111142e+18,1.52863325111142e+18,nan,nan,4.6879074345955105e+20,9.35123614062362e+20,1.403914357521913e+21,919081.3500581611,6.999272117101562e-16,7.812334016648862e-06,-1.3465609402829518e-05,1.9855404210731918e-05,8.053741015268026e-09,4.322441439792777e-08,-4.400066399189714e-08,1.515129329208481e-07
2880,2.0,1.5286332511114196e+18,1.5286332511114196e+18,nan,nan,4.687927446242716e+20,9.351211597268202e+20,1.403913904351092e+21,919085.2734145812,6.353528071195086e-16,7.812364393791836e-06,-1.3465652039110233e-05,1.9855549011405238e-05,8.053722369783623e-09,4.3224381350164747e-08,-4.4000666942557476e-08,1.515126494082113e-07
4320,3.0,1.5286332511114202e+18,1.5286332511114202e+18,nan,nan,4.6879416910132747e+20,9.351196533059112e+20,1.4039138224072386e+21,919088.0661538021,6.66847162791677e-16,7.812390351657708e-06,-1.3465693559271699e-05,1.9855588475037982e-05,8.053711129015937e-09,4.3224379472273486e-08,-4.4000662548818404e-08,1.5151273904791599e-07
5760,4.0,1.528633251111421e+18,1.528633251111421e+18,nan,nan,4.6879584047497046e+20,9.351180440236594e+20,1.40391388449863e+21,919091.3429427866,4.481641789167622e-16,7.812404778275704e-06,-1.3465686177131227e-05,1.98555305945886e-05,8.053703034854483e-09,4.322438513714375e-08,-4.400065915467894e-08,1.5151271188240258e-07
7200,5.0,1.5286332511114191e+18,1.5286332511114191e+18,nan,nan,4.6879664866775256e+20,9.351171038600659e+20,1.4039137525278185e+21,919092.927434212,4.995838509461582e-16,7.812421307776144e-06,-1.3465702884359163e-05,1.985553267817822e-05,8.05369530712347e-09,4.322438220954076e-08,-4.400065900657012e-08,1.5151275753286e-07
